audio_filepath,duration,text,gender,age-group,primary_language,native_place_state,native_place_district,highest_qualification,job_category,occupation_domain
audio/281474976896933_f3077_chunk_0.wav,0.2935,Agree,Male,18-30,Gujarati,Gujarat,Sabarkantha,Post Graduate,Full Time,Information and Media
audio/281474976896932_f2663_chunk_0.wav,0.296375,Yes,Male,18-30,Gujarati,Gujarat,Sabarkantha,Post Graduate,Full Time,Information and Media
audio/281474976896928_f2744_chunk_0.wav,0.361125,On,Male,18-30,Gujarati,Gujarat,Sabarkantha,Post Graduate,Full Time,Information and Media
audio/281474976896935_f1040_chunk_0.wav,0.366875,Help,Male,18-30,Gujarati,Gujarat,Sabarkantha,Post Graduate,Full Time,Information and Media
audio/281474976896930_f1041_chunk_0.wav,0.41325,Nine,Male,18-30,Gujarati,Gujarat,Sabarkantha,Post Graduate,Full Time,Information and Media
audio/281474976883979_f1048_chunk_0.wav,0.445,Off,Male,18-30,Gujarati,Gujarat,Sabarkantha,Post Graduate,Full Time,Information and Media
audio/281474976896939_f1046_chunk_0.wav,0.45525,Bed,Male,18-30,Gujarati,Gujarat,Sabarkantha,Post Graduate,Full Time,Information and Media
audio/281474976896927_f2662_chunk_0.wav,0.4615625,Three,Male,18-30,Gujarati,Gujarat,Sabarkantha,Post Graduate,Full Time,Information and Media
audio/281474976896923_f1044_chunk_0.wav,0.470125,Dog,Male,18-30,Gujarati,Gujarat,Sabarkantha,Post Graduate,Full Time,Information and Media
audio/281474976896926_f1049_chunk_0.wav,0.48525,Jump,Male,18-30,Gujarati,Gujarat,Sabarkantha,Post Graduate,Full Time,Information and Media
audio/281474976895917_f318_chunk_0.wav,0.509875,life,Male,45-60,Gujarati,Gujarat,Amreli,Post Graduate,Part Time,Education and Research
audio/281474976883978_f1047_chunk_0.wav,0.5210625,Wow,Male,18-30,Gujarati,Gujarat,Sabarkantha,Post Graduate,Full Time,Information and Media
audio/281474976895916_f198_chunk_0.wav,0.52575,Right,Male,45-60,Gujarati,Gujarat,Amreli,Post Graduate,Part Time,Education and Research
audio/281474976896925_f1045_chunk_0.wav,0.575875,Zero,Male,18-30,Gujarati,Gujarat,Sabarkantha,Post Graduate,Full Time,Information and Media
audio/281474976887081_f2283_chunk_4.wav,0.576375,Raaz,Female,30-45,Gujarati,Gujarat,Amreli,Post Graduate,Freelance,Education and Research
audio/281474976887086_f1867_chunk_1.wav,0.6048125,it,Female,30-45,Gujarati,Gujarat,Amreli,Post Graduate,Freelance,Education and Research
audio/281474976896937_f2660_chunk_0.wav,0.6285625,Previous,Male,18-30,Gujarati,Gujarat,Sabarkantha,Post Graduate,Full Time,Information and Media
audio/281474976887081_f2283_chunk_5.wav,0.63525,Garba,Female,30-45,Gujarati,Gujarat,Amreli,Post Graduate,Freelance,Education and Research
audio/281474976896931_f1043_chunk_0.wav,0.6365,Forward,Male,18-30,Gujarati,Gujarat,Sabarkantha,Post Graduate,Full Time,Information and Media
audio/281474976887081_f2283_chunk_8.wav,0.641125,Bhajan,Female,30-45,Gujarati,Gujarat,Amreli,Post Graduate,Freelance,Education and Research
audio/281474976887081_f2283_chunk_7.wav,0.694,Halarda,Female,30-45,Gujarati,Gujarat,Amreli,Post Graduate,Freelance,Education and Research
audio/281474976887081_f2283_chunk_6.wav,0.7175,Lagna Geet,Female,30-45,Gujarati,Gujarat,Amreli,Post Graduate,Freelance,Education and Research
audio/281474976887081_f2283_chunk_11.wav,0.7500625,so that,Female,30-45,Gujarati,Gujarat,Amreli,Post Graduate,Freelance,Education and Research
audio/281474976887064_f250_chunk_1.wav,0.765625,Policy.,Female,30-45,Gujarati,Gujarat,Amreli,Post Graduate,Freelance,Education and Research
audio/281474976887081_f2283_chunk_1.wav,0.81425,all the,Female,30-45,Gujarati,Gujarat,Amreli,Post Graduate,Freelance,Education and Research
audio/281474976885720_f1734_chunk_0.wav,0.8280625,IPL,Female,18-30,Gujarati,Gujarat,Amreli,Graduate,Other,Entertainment
audio/281474976887081_f2283_chunk_3.wav,0.8293125,which include,Female,30-45,Gujarati,Gujarat,Amreli,Post Graduate,Freelance,Education and Research
audio/281474976896922_f1042_chunk_0.wav,0.8523125,Backward,Male,18-30,Gujarati,Gujarat,Sabarkantha,Post Graduate,Full Time,Information and Media
audio/281474976887083_f2168_chunk_4.wav,0.985,IT sectors,Female,30-45,Gujarati,Gujarat,Amreli,Post Graduate,Freelance,Education and Research
audio/281474976887089_f1758_chunk_5.wav,1.016875,urban area,Female,30-45,Gujarati,Gujarat,Amreli,Post Graduate,Freelance,Education and Research
audio/281474976887048_f247_chunk_0.wav,1.0514375,According to,Female,30-45,Gujarati,Gujarat,Amreli,Post Graduate,Freelance,Education and Research
audio/281474976887066_f682_chunk_0.wav,1.0866875,I want to buy,Female,30-45,Gujarati,Gujarat,Amreli,Post Graduate,Freelance,Education and Research
audio/281474976885725_f2188_chunk_0.wav,1.18425,Makar Sankranti,Female,18-30,Gujarati,Gujarat,Amreli,Graduate,Other,Entertainment
audio/281474976887078_f1937_chunk_1.wav,1.18675,and it was in English,Female,30-45,Gujarati,Gujarat,Amreli,Post Graduate,Freelance,Education and Research
audio/281474976883962_f2573_chunk_0.wav,1.2083125,i went to the park,Male,18-30,Gujarati,Gujarat,Sabarkantha,Post Graduate,Full Time,Information and Media
audio/281474976887084_f1850_chunk_3.wav,1.25525,in which we can see,Female,30-45,Gujarati,Gujarat,Amreli,Post Graduate,Freelance,Education and Research
audio/281474976895911_f737_chunk_0.wav,1.293125,show me a forecast,Male,45-60,Gujarati,Gujarat,Amreli,Post Graduate,Part Time,Education and Research
audio/281474976887078_f1937_chunk_2.wav,1.3415,It was pretty well,Female,30-45,Gujarati,Gujarat,Amreli,Post Graduate,Freelance,Education and Research
audio/281474976887084_f1850_chunk_4.wav,1.3921875,grooming artist,Female,30-45,Gujarati,Gujarat,Amreli,Post Graduate,Freelance,Education and Research
audio/281474976887086_f1867_chunk_3.wav,1.39875,of the people of Gujarat,Female,30-45,Gujarati,Gujarat,Amreli,Post Graduate,Freelance,Education and Research
audio/281474976883965_f1034_chunk_0.wav,1.489625,Any discount on Flasks ?,Male,18-30,Gujarati,Gujarat,Sabarkantha,Post Graduate,Full Time,Information and Media
audio/281474976885687_f1226_chunk_0.wav,1.4905625,Needs Regular checkups,Female,18-30,Gujarati,Gujarat,Amreli,Graduate,Other,Entertainment
audio/281474976887676_f3056_chunk_1.wav,1.51275,Almond Butter,Male,30-45,Gujarati,Gujarat,Sabarkantha,Post Graduate,Part Time,Education and Research
audio/281474976887085_f3313_chunk_1.wav,1.5334375,the,Female,30-45,Gujarati,Gujarat,Amreli,Post Graduate,Freelance,Education and Research
audio/281474976887066_f682_chunk_3.wav,1.63,from my current location.,Female,30-45,Gujarati,Gujarat,Amreli,Post Graduate,Freelance,Education and Research
audio/281474976887065_f2528_chunk_0.wav,1.7176875,Show me all the donations,Female,30-45,Gujarati,Gujarat,Amreli,Post Graduate,Freelance,Education and Research
audio/281474976887066_f682_chunk_1.wav,1.7678125,Salbutamol Tablets,Female,30-45,Gujarati,Gujarat,Amreli,Post Graduate,Freelance,Education and Research
audio/281474976887065_f2528_chunk_1.wav,1.8321875,I made in last 2 month.,Female,30-45,Gujarati,Gujarat,Amreli,Post Graduate,Freelance,Education and Research
audio/281474976887055_f395_chunk_0.wav,1.84425,meaning of a particular word,Female,30-45,Gujarati,Gujarat,Amreli,Post Graduate,Freelance,Education and Research
audio/281474976887075_f1687_chunk_0.wav,1.8835625,Can you name five states of India?,Female,30-45,Gujarati,Gujarat,Amreli,Post Graduate,Freelance,Education and Research
audio/281474976883984_f3332_chunk_0.wav,1.927375,Can you speak five district names?,Male,18-30,Gujarati,Gujarat,Sabarkantha,Post Graduate,Full Time,Information and Media
audio/281474976883980_f1825_chunk_0.wav,1.951625,Can you name 5 countries of the world?,Male,18-30,Gujarati,Gujarat,Sabarkantha,Post Graduate,Full Time,Information and Media
audio/281474976887075_f3241_chunk_0.wav,1.959375,Can you name five states of India?,Female,30-45,Gujarati,Gujarat,Amreli,Post Graduate,Freelance,Education and Research
audio/281474976883958_f1031_chunk_0.wav,1.9800625,please add event in calendar,Male,18-30,Gujarati,Gujarat,Sabarkantha,Post Graduate,Full Time,Information and Media
audio/281474976887066_f682_chunk_2.wav,1.9868125,which is the nearest medical store,Female,30-45,Gujarati,Gujarat,Amreli,Post Graduate,Freelance,Education and Research
audio/281474976887052_f2527_chunk_0.wav,2.0156875,what is my most played song,Female,30-45,Gujarati,Gujarat,Amreli,Post Graduate,Freelance,Education and Research
audio/281474976887670_f2944_chunk_0.wav,2.045375,send an email to this contact,Male,30-45,Gujarati,Gujarat,Sabarkantha,Post Graduate,Part Time,Education and Research
audio/281474976885686_f41_chunk_0.wav,2.0959375,Chicago Northern London,Female,18-30,Gujarati,Gujarat,Amreli,Graduate,Other,Entertainment
audio/281474976887081_f2283_chunk_12.wav,2.16025,the tradition continues,Female,30-45,Gujarati,Gujarat,Amreli,Post Graduate,Freelance,Education and Research
audio/281474976887086_f1867_chunk_2.wav,2.26825,easily answers the local need,Female,30-45,Gujarati,Gujarat,Amreli,Post Graduate,Freelance,Education and Research
audio/281474976887081_f2283_chunk_2.wav,2.28,folk songs in Gujarati,Female,30-45,Gujarati,Gujarat,Amreli,Post Graduate,Freelance,Education and Research
audio/281474976887089_f1758_chunk_0.wav,2.282375,In education system of Gujarat,Female,30-45,Gujarati,Gujarat,Amreli,Post Graduate,Freelance,Education and Research
audio/281474976895884_f536_chunk_0.wav,2.321125,I forgot my password of Freecharge,Male,45-60,Gujarati,Gujarat,Amreli,Post Graduate,Part Time,Education and Research
audio/281474976883957_f1030_chunk_1.wav,2.371,this incident was the third major attack this week.,Male,18-30,Gujarati,Gujarat,Sabarkantha,Post Graduate,Full Time,Information and Media
audio/281474976887089_f1758_chunk_4.wav,2.4179375,only few schools in,Female,30-45,Gujarati,Gujarat,Amreli,Post Graduate,Freelance,Education and Research
audio/281474976883960_f1032_chunk_0.wav,2.507,what is the going rate for wells fargo stock,Male,18-30,Gujarati,Gujarat,Sabarkantha,Post Graduate,Full Time,Information and Media
audio/281474976883964_f3076_chunk_0.wav,2.5525625,Return product Grami Superfood Raw Peanuts,Male,18-30,Gujarati,Gujarat,Sabarkantha,Post Graduate,Full Time,Information and Media
audio/281474976887054_f399_chunk_0.wav,2.5741875,Do you store personal information about me.,Female,30-45,Gujarati,Gujarat,Amreli,Post Graduate,Freelance,Education and Research
audio/281474976887672_f581_chunk_0.wav,2.61,how many rupees can i get for one dollar?,Male,30-45,Gujarati,Gujarat,Sabarkantha,Post Graduate,Part Time,Education and Research
audio/281474976887069_f2936_chunk_0.wav,2.65675,For registered mobile number,Female,30-45,Gujarati,Gujarat,Amreli,Post Graduate,Freelance,Education and Research
audio/281474976883994_f3251_chunk_6.wav,2.7375,and to feed hungry,Male,18-30,Gujarati,Gujarat,Sabarkantha,Post Graduate,Full Time,Information and Media
audio/281474976885727_f2189_chunk_0.wav,2.766375,Shakespeare is the favorite writer of mine,Female,18-30,Gujarati,Gujarat,Amreli,Graduate,Other,Entertainment
audio/281474976883959_f3074_chunk_0.wav,2.8705,did i set an alarm to have tablets in the noon,Male,18-30,Gujarati,Gujarat,Sabarkantha,Post Graduate,Full Time,Information and Media
audio/281474976895912_f1722_chunk_0.wav,2.8975625,"As you sow, so shall you reap.",Male,45-60,Gujarati,Gujarat,Amreli,Post Graduate,Part Time,Education and Research
audio/281474976887676_f3056_chunk_0.wav,2.899375,I want to return product Happy Jars,Male,30-45,Gujarati,Gujarat,Sabarkantha,Post Graduate,Part Time,Education and Research
audio/281474976883969_f1035_chunk_0.wav,2.915375,Read out the transaction history in Yono SBI to me.,Male,18-30,Gujarati,Gujarat,Sabarkantha,Post Graduate,Full Time,Information and Media
audio/281474976895884_f536_chunk_1.wav,2.926625,so I would like to reset it to another one.,Male,45-60,Gujarati,Gujarat,Amreli,Post Graduate,Part Time,Education and Research
audio/281474976887058_f248_chunk_0.wav,2.9855,When will Dairy Items be available?,Female,30-45,Gujarati,Gujarat,Amreli,Post Graduate,Freelance,Education and Research
audio/281474976883994_f3251_chunk_1.wav,3.0,include 4 to 5 themes,Male,18-30,Gujarati,Gujarat,Sabarkantha,Post Graduate,Full Time,Information and Media
audio/281474976887083_f2168_chunk_1.wav,3.0289375,are easily available in Gujarat,Female,30-45,Gujarati,Gujarat,Amreli,Post Graduate,Freelance,Education and Research
audio/281474976887064_f250_chunk_0.wav,3.0734375,Please tell me about the benifits of Health Insurance,Female,30-45,Gujarati,Gujarat,Amreli,Post Graduate,Freelance,Education and Research
audio/281474976887089_f1758_chunk_3.wav,3.1410625,"in Gujarati medium opt for only Gujarati communication,",Female,30-45,Gujarati,Gujarat,Amreli,Post Graduate,Freelance,Education and Research
audio/281474976887089_f1758_chunk_6.wav,3.1636875,opt for English as a way of communication,Female,30-45,Gujarati,Gujarat,Amreli,Post Graduate,Freelance,Education and Research
audio/281474976887057_f2690_chunk_0.wav,3.2608125,What are the best selling recommendations on Juices ?,Female,30-45,Gujarati,Gujarat,Amreli,Post Graduate,Freelance,Education and Research
audio/281474976887671_f400_chunk_0.wav,3.2664375,i want to thank everyone for the birthday wishes.,Male,30-45,Gujarati,Gujarat,Sabarkantha,Post Graduate,Part Time,Education and Research
audio/281474976887070_f2529_chunk_2.wav,3.3708125,Managed institutes offering PG level,Female,30-45,Gujarati,Gujarat,Amreli,Post Graduate,Freelance,Education and Research
audio/281474976883970_f1036_chunk_0.wav,3.4059375,How much money is remaining in my Nagaland Rural Bank account?,Male,18-30,Gujarati,Gujarat,Sabarkantha,Post Graduate,Full Time,Information and Media
audio/281474976883994_f3251_chunk_0.wav,3.4425,The main beliefs and teachings of this religion,Male,18-30,Gujarati,Gujarat,Sabarkantha,Post Graduate,Full Time,Information and Media
audio/281474976887083_f2168_chunk_0.wav,3.447625,Vocational training or skill development opportunity,Female,30-45,Gujarati,Gujarat,Amreli,Post Graduate,Freelance,Education and Research
audio/281474976883972_f2617_chunk_0.wav,3.5195,Show me the new features available in the updated version of Airtel Money,Male,18-30,Gujarati,Gujarat,Sabarkantha,Post Graduate,Full Time,Information and Media
audio/281474976887081_f2283_chunk_9.wav,3.5406875,which are typically in my regional language that is Kathiawadi,Female,30-45,Gujarati,Gujarat,Amreli,Post Graduate,Freelance,Education and Research
audio/281474976887070_f2529_chunk_3.wav,3.6318125,programs in Hotel Management and Catering ?,Female,30-45,Gujarati,Gujarat,Amreli,Post Graduate,Freelance,Education and Research
audio/281474976883967_f2572_chunk_0.wav,3.63375,I want to return product Hello Tempayy Soyabean Tempeh Cubes,Male,18-30,Gujarati,Gujarat,Sabarkantha,Post Graduate,Full Time,Information and Media
audio/281474976887059_f249_chunk_0.wav,3.6381875,I recieved a product of another brand of Kelloggs Muesli,Female,30-45,Gujarati,Gujarat,Amreli,Post Graduate,Freelance,Education and Research
audio/281474976887077_f3162_chunk_0.wav,3.647,Can you speak the five dates that you remember?,Female,30-45,Gujarati,Gujarat,Amreli,Post Graduate,Freelance,Education and Research
audio/281474976883957_f1030_chunk_0.wav,3.79625,Attacks targeting police have become common in the Nangarhar province,Male,18-30,Gujarati,Gujarat,Sabarkantha,Post Graduate,Full Time,Information and Media
audio/281474976887680_f2945_chunk_0.wav,3.82575,Can you Autopay my DTH and DTH bills for the next 2 months?,Male,30-45,Gujarati,Gujarat,Sabarkantha,Post Graduate,Part Time,Education and Research
audio/281474976883988_f2063_chunk_0.wav,3.9425625,What do you do to stay motivated and focused while writing?,Male,18-30,Gujarati,Gujarat,Sabarkantha,Post Graduate,Full Time,Information and Media
audio/281474976885727_f2189_chunk_1.wav,3.9628125,"His works, his dramas are very good and influential.",Female,18-30,Gujarati,Gujarat,Amreli,Graduate,Other,Entertainment
audio/281474976887070_f2529_chunk_0.wav,4.0231875,In the academic year 2019 - 2020,Female,30-45,Gujarati,Gujarat,Amreli,Post Graduate,Freelance,Education and Research
audio/281474976883989_f3285_chunk_1.wav,4.0261875,"Actually, I have not used Netflix, but I have used Prime videos.",Male,18-30,Gujarati,Gujarat,Sabarkantha,Post Graduate,Full Time,Information and Media
audio/281474976887089_f1758_chunk_1.wav,4.067625,main medium of communication has been Gujarati,Female,30-45,Gujarati,Gujarat,Amreli,Post Graduate,Freelance,Education and Research
audio/281474976887682_f345_chunk_0.wav,4.0750625,I am unable to deactivate autopay for my TataCliq.,Male,30-45,Gujarati,Gujarat,Sabarkantha,Post Graduate,Part Time,Education and Research
audio/281474976895918_f1832_chunk_0.wav,4.0888125,I do much Riyaz or practice before the recording session.,Male,45-60,Gujarati,Gujarat,Amreli,Post Graduate,Part Time,Education and Research
audio/281474976883994_f3251_chunk_5.wav,4.115,And the other thing is to never lie under oath,Male,18-30,Gujarati,Gujarat,Sabarkantha,Post Graduate,Full Time,Information and Media
audio/281474976887078_f1937_chunk_0.wav,4.1276875,"Yes, I have read a book other than my native language",Female,30-45,Gujarati,Gujarat,Amreli,Post Graduate,Freelance,Education and Research
audio/281474976887677_f683_chunk_0.wav,4.1895625,What are the new products with discounts of at least 30%,Male,30-45,Gujarati,Gujarat,Sabarkantha,Post Graduate,Part Time,Education and Research
audio/281474976887089_f1758_chunk_2.wav,4.2031875,70% of the rural schools in Gujarat which are,Female,30-45,Gujarati,Gujarat,Amreli,Post Graduate,Freelance,Education and Research
audio/281474976887067_f251_chunk_0.wav,4.321625,Find all Free vaccination centres which provide Second Dose.,Female,30-45,Gujarati,Gujarat,Amreli,Post Graduate,Freelance,Education and Research
audio/281474976885716_f1823_chunk_0.wav,4.359,Capturing candid moment can make a great portrait I think.,Female,18-30,Gujarati,Gujarat,Amreli,Graduate,Other,Entertainment
audio/281474976887706_f2223_chunk_2.wav,4.366,"which run courses like B.Ed, Nursing",Male,30-45,Gujarati,Gujarat,Sabarkantha,Post Graduate,Part Time,Education and Research
audio/281474976887084_f1850_chunk_5.wav,4.4505,and it is a nice platform available to the artist,Female,30-45,Gujarati,Gujarat,Amreli,Post Graduate,Freelance,Education and Research
audio/281474976887069_f2936_chunk_2.wav,4.5300625,find all applied Renewal scholarship applications.,Female,30-45,Gujarati,Gujarat,Amreli,Post Graduate,Freelance,Education and Research
audio/281474976887086_f1867_chunk_0.wav,4.57425,The healthcare system of Ahmedabad district is well sufficient,Female,30-45,Gujarati,Gujarat,Amreli,Post Graduate,Freelance,Education and Research
audio/281474976887084_f1850_chunk_0.wav,4.6103125,There are state wise and city wise association regarding art forms,Female,30-45,Gujarati,Gujarat,Amreli,Post Graduate,Freelance,Education and Research
audio/281474976887083_f2168_chunk_2.wav,4.6296875,Government and private sector institutes are available for skill development,Female,30-45,Gujarati,Gujarat,Amreli,Post Graduate,Freelance,Education and Research
audio/281474976887707_f3323_chunk_5.wav,4.648875,more than in any other country I suppose,Male,30-45,Gujarati,Gujarat,Sabarkantha,Post Graduate,Part Time,Education and Research
audio/281474976883963_f1033_chunk_0.wav,4.669625,Why vegetables and fruits are getting delivered next day when the estimated delivery is today?,Male,18-30,Gujarati,Gujarat,Sabarkantha,Post Graduate,Full Time,Information and Media
audio/281474976887704_f3204_chunk_2.wav,4.7,"but in Gujarat, the very famous Kankaria indoor stadium, which",Male,30-45,Gujarati,Gujarat,Sabarkantha,Post Graduate,Part Time,Education and Research
audio/281474976887704_f3204_chunk_7.wav,4.7249375,"enough sporting facilities are available, but",Male,30-45,Gujarati,Gujarat,Sabarkantha,Post Graduate,Part Time,Education and Research
audio/281474976887704_f3204_chunk_9.wav,4.762375,that must be in the mind of the government.,Male,30-45,Gujarati,Gujarat,Sabarkantha,Post Graduate,Part Time,Education and Research
audio/281474976887081_f2283_chunk_10.wav,4.8705,and I want it to be recorded and to be given to the next generation,Female,30-45,Gujarati,Gujarat,Amreli,Post Graduate,Freelance,Education and Research
audio/281474976895910_f892_chunk_0.wav,4.9155,The brand of One Good Plant based Nuggets I recieved is not correct,Male,45-60,Gujarati,Gujarat,Amreli,Post Graduate,Part Time,Education and Research
audio/281474976883995_f3192_chunk_5.wav,4.9535625,and the social is like disconnect between upper class and lower class,Male,18-30,Gujarati,Gujarat,Sabarkantha,Post Graduate,Full Time,Information and Media
audio/281474976883989_f3285_chunk_5.wav,4.968375,We can watch movies of our interest directly by searching them.,Male,18-30,Gujarati,Gujarat,Sabarkantha,Post Graduate,Full Time,Information and Media
audio/281474976883994_f3251_chunk_2.wav,5.0,The first is to have belief in one and true God,Male,18-30,Gujarati,Gujarat,Sabarkantha,Post Graduate,Full Time,Information and Media
audio/281474976885722_f1974_chunk_0.wav,5.0489375,Gujarat has symbolized that Gamthi culture and it is famous worldwide.,Female,18-30,Gujarati,Gujarat,Amreli,Graduate,Other,Entertainment
audio/281474976885719_f1863_chunk_0.wav,5.0691875,"Yes, it often makes me happy and joyful when I'm not in mood.",Female,18-30,Gujarati,Gujarat,Amreli,Graduate,Other,Entertainment
audio/281474976883991_f2291_chunk_2.wav,5.088375,set up to look into the corruptions by bureaucrats,Male,18-30,Gujarati,Gujarat,Sabarkantha,Post Graduate,Full Time,Information and Media
audio/281474976887084_f1850_chunk_2.wav,5.089625,"For example, there is an event called abhivyakti taking place in Ahmedabad",Female,30-45,Gujarati,Gujarat,Amreli,Post Graduate,Freelance,Education and Research
audio/281474976887083_f2168_chunk_5.wav,5.0975625,"there are diploma courses, there are certificate courses, there are online courses available",Female,30-45,Gujarati,Gujarat,Amreli,Post Graduate,Freelance,Education and Research
audio/281474976887085_f3313_chunk_0.wav,5.18125,"Art and craft are expression of oneself, what one is feeling, what one is seeing.",Female,30-45,Gujarati,Gujarat,Amreli,Post Graduate,Freelance,Education and Research
audio/281474976883994_f3251_chunk_3.wav,5.245875,The other is that do not harm any human being,Male,18-30,Gujarati,Gujarat,Sabarkantha,Post Graduate,Full Time,Information and Media
audio/281474976887080_f3201_chunk_6.wav,5.2599375,The originality has its charm of its own. We don't need to make fusions.,Female,30-45,Gujarati,Gujarat,Amreli,Post Graduate,Freelance,Education and Research
audio/281474976887704_f3204_chunk_3.wav,5.3,hosts pro kabaddi and all the other indoor tournaments is there.,Male,30-45,Gujarati,Gujarat,Sabarkantha,Post Graduate,Part Time,Education and Research
audio/281474976887694_f2287_chunk_0.wav,5.36425,"Ramesh, Suresh, Bharat, Arvind, Umang.",Male,30-45,Gujarati,Gujarat,Sabarkantha,Post Graduate,Part Time,Education and Research
audio/281474976887683_f684_chunk_0.wav,5.37475,Please transfer Rs 400 to my PayUmoney wallet.,Male,30-45,Gujarati,Gujarat,Sabarkantha,Post Graduate,Part Time,Education and Research
audio/281474976887698_f2175_chunk_1.wav,5.4046875,There was a movie called What's your Raashee which was based on that book.,Male,30-45,Gujarati,Gujarat,Sabarkantha,Post Graduate,Part Time,Education and Research
audio/281474976887080_f3201_chunk_4.wav,5.4795625,vocal codes which can be trained and which are unique individually.,Female,30-45,Gujarati,Gujarat,Amreli,Post Graduate,Freelance,Education and Research
audio/281474976883953_f3075_chunk_0.wav,5.4938125,Distinctions in what constitute a sailing boat and ship vary by region and maritime culture.,Male,18-30,Gujarati,Gujarat,Sabarkantha,Post Graduate,Full Time,Information and Media
audio/281474976883956_f1029_chunk_0.wav,5.5070625,A few tributaries form marshy land in early dry season due to natural seepage,Male,18-30,Gujarati,Gujarat,Sabarkantha,Post Graduate,Full Time,Information and Media
audio/281474976887084_f1850_chunk_1.wav,5.5233125,Artist can present their work at different fairs which are taking place,Female,30-45,Gujarati,Gujarat,Amreli,Post Graduate,Freelance,Education and Research
audio/281474976887705_f3172_chunk_3.wav,5.5475625,so that initiative has made a good difference.,Male,30-45,Gujarati,Gujarat,Sabarkantha,Post Graduate,Part Time,Education and Research
audio/281474976883995_f3192_chunk_1.wav,5.5493125,The main challenges are mainly economic and social because the environment here is very good.,Male,18-30,Gujarati,Gujarat,Sabarkantha,Post Graduate,Full Time,Information and Media
audio/281474976887704_f3204_chunk_8.wav,5.550125,"in village areas, these these facilities are lacking. so i think",Male,30-45,Gujarati,Gujarat,Sabarkantha,Post Graduate,Part Time,Education and Research
audio/281474976887048_f247_chunk_1.wav,5.6170625,"the 2011 census, there are 2 million people living in Nagaland.",Female,30-45,Gujarati,Gujarat,Amreli,Post Graduate,Freelance,Education and Research
audio/281474976887704_f3204_chunk_5.wav,5.6375,"the stadium in Rajkot, there is a stadium in Baroda.",Male,30-45,Gujarati,Gujarat,Sabarkantha,Post Graduate,Part Time,Education and Research
audio/281474976887705_f3172_chunk_5.wav,5.695,medicine and and surgery from good hospitals because of that card.,Male,30-45,Gujarati,Gujarat,Sabarkantha,Post Graduate,Part Time,Education and Research
audio/281474976883998_f2011_chunk_5.wav,5.7526875,So that makes grammar more reliable and easy to follow,Male,18-30,Gujarati,Gujarat,Sabarkantha,Post Graduate,Full Time,Information and Media
audio/281474976887707_f3323_chunk_1.wav,5.7845,because this is how languages work and,Male,30-45,Gujarati,Gujarat,Sabarkantha,Post Graduate,Part Time,Education and Research
audio/281474976887070_f2529_chunk_1.wav,5.82825,Can you list all the AICTE approved University,Female,30-45,Gujarati,Gujarat,Amreli,Post Graduate,Freelance,Education and Research
audio/281474976887704_f3204_chunk_4.wav,5.93,"And there are many cricket stadiums, the famous Narendra Modi cricket stadium,",Male,30-45,Gujarati,Gujarat,Sabarkantha,Post Graduate,Part Time,Education and Research
audio/281474976887081_f2283_chunk_0.wav,6.08,My future aspiration regarding singing is that I want to compile and record,Female,30-45,Gujarati,Gujarat,Amreli,Post Graduate,Freelance,Education and Research
audio/281474976883989_f3285_chunk_2.wav,6.111625,"And if we are to compare it with traditional cable TV or satellite TV,",Male,18-30,Gujarati,Gujarat,Sabarkantha,Post Graduate,Full Time,Information and Media
audio/281474976887069_f2936_chunk_1.wav,6.1138125,76486997868,Female,30-45,Gujarati,Gujarat,Amreli,Post Graduate,Freelance,Education and Research
audio/281474976887080_f3201_chunk_1.wav,6.1200625,"For example, many singers who are legendary like Lata Mangeshkar, Mohd. Rafi ji,",Female,30-45,Gujarati,Gujarat,Amreli,Post Graduate,Freelance,Education and Research
audio/281474976887082_f3312_chunk_0.wav,6.1685,Social media and online education platforms plays a vital role in the field of education.,Female,30-45,Gujarati,Gujarat,Amreli,Post Graduate,Freelance,Education and Research
audio/281474976887707_f3323_chunk_3.wav,6.24225,in India English is spoken with I think 20 or 50 accents,Male,30-45,Gujarati,Gujarat,Sabarkantha,Post Graduate,Part Time,Education and Research
audio/281474976887698_f2175_chunk_0.wav,6.254875,"Yes, it is a Gujarati book by Madurai called Kimball Ravenswood.",Male,30-45,Gujarati,Gujarat,Sabarkantha,Post Graduate,Part Time,Education and Research
audio/281474976887082_f3312_chunk_1.wav,6.4399375,"the Conventional way of teaching and education, the classroom teaching is now changing.",Female,30-45,Gujarati,Gujarat,Amreli,Post Graduate,Freelance,Education and Research
audio/281474976883995_f3192_chunk_0.wav,6.458,So let's first talk about the challenges and then we will talk about the opportunities of my district,Male,18-30,Gujarati,Gujarat,Sabarkantha,Post Graduate,Full Time,Information and Media
audio/281474976887678_f836_chunk_0.wav,6.5400625,"The product Biotique Shampoo & Conditioner is damaged, I want to return it.",Male,30-45,Gujarati,Gujarat,Sabarkantha,Post Graduate,Part Time,Education and Research
audio/281474976887704_f3204_chunk_6.wav,6.575,"And I think in all the major cities of Gujarat,",Male,30-45,Gujarati,Gujarat,Sabarkantha,Post Graduate,Part Time,Education and Research
audio/281474976883974_f1037_chunk_0.wav,6.577875,What is the status of my EPFO claim having tracking ID 7737686728,Male,18-30,Gujarati,Gujarat,Sabarkantha,Post Graduate,Full Time,Information and Media
audio/281474976887706_f2223_chunk_1.wav,6.6323125,there are arts and commerce colleges as well as science colleges and there are some institutions,Male,30-45,Gujarati,Gujarat,Sabarkantha,Post Graduate,Part Time,Education and Research
audio/281474976887080_f3201_chunk_3.wav,6.7599375,But I believe we should train our own voice because God has blessed us with certain kind of,Female,30-45,Gujarati,Gujarat,Amreli,Post Graduate,Freelance,Education and Research
audio/281474976883989_f3285_chunk_0.wav,6.8345625,"Yes, I have watched quite a few TV shows on the Prime videos.",Male,18-30,Gujarati,Gujarat,Sabarkantha,Post Graduate,Full Time,Information and Media
audio/281474976887080_f3201_chunk_2.wav,6.86,"nowadays we have Arijit, Sonu Nigam. We try to copy unconsciously, we try to copy them.",Female,30-45,Gujarati,Gujarat,Amreli,Post Graduate,Freelance,Education and Research
audio/281474976887681_f2541_chunk_0.wav,6.97675,Find the top mutual fund schemes rated by credible agencies such as Tata Capital Financial Services,Male,30-45,Gujarati,Gujarat,Sabarkantha,Post Graduate,Part Time,Education and Research
audio/281474976887062_f786_chunk_0.wav,6.981,Open MobiKwik QR code scanner and upload the first picture from my gallery for scanning.,Female,30-45,Gujarati,Gujarat,Amreli,Post Graduate,Freelance,Education and Research
audio/281474976895893_f320_chunk_0.wav,6.9871875,Can you list all the Paid vaccination centres for age group 18+ years in district Chatra,Male,45-60,Gujarati,Gujarat,Amreli,Post Graduate,Part Time,Education and Research
audio/281474976883975_f1039_chunk_0.wav,7.030375,Please use mobile number 82562848140 to register on Co-WIn platform,Male,18-30,Gujarati,Gujarat,Sabarkantha,Post Graduate,Full Time,Information and Media
audio/281474976887083_f2168_chunk_3.wav,7.043,"yes it caters different need and different sectors for example, hospitality, agriculture",Female,30-45,Gujarati,Gujarat,Amreli,Post Graduate,Freelance,Education and Research
audio/281474976883995_f3192_chunk_4.wav,7.0555625,because the Crops have not have not been good and then the farmers will have to suffer,Male,18-30,Gujarati,Gujarat,Sabarkantha,Post Graduate,Full Time,Information and Media
audio/281474976895908_f805_chunk_0.wav,7.080125,This area is also known as Navegaon Bandh locally because of the presence of the water body.,Male,45-60,Gujarati,Gujarat,Amreli,Post Graduate,Part Time,Education and Research
audio/281474976895901_f1916_chunk_0.wav,7.1039375,I stick to the truth of my own voice and then I try to make it believe to my audience.,Male,45-60,Gujarati,Gujarat,Amreli,Post Graduate,Part Time,Education and Research
audio/281474976887698_f2175_chunk_3.wav,7.1050625,He employs a language which is very new to Gujaratis.,Male,30-45,Gujarati,Gujarat,Sabarkantha,Post Graduate,Part Time,Education and Research
audio/281474976895904_f319_chunk_1.wav,7.1125,Can I get a list of such institutes in the academic year 2018 - 2019,Male,45-60,Gujarati,Gujarat,Amreli,Post Graduate,Part Time,Education and Research
audio/281474976887082_f3312_chunk_2.wav,7.142625,the scenario is changing post COVID because during COVID online education was only the option available.,Female,30-45,Gujarati,Gujarat,Amreli,Post Graduate,Freelance,Education and Research
audio/281474976887685_f2641_chunk_0.wav,7.1496875,Find all blood banks having atleast 12 units of A+ available blood at in district Hyderabad,Male,30-45,Gujarati,Gujarat,Sabarkantha,Post Graduate,Part Time,Education and Research
audio/281474976887698_f2175_chunk_5.wav,7.2265,humorous elements in it make me revisit this book over and over again.,Male,30-45,Gujarati,Gujarat,Sabarkantha,Post Graduate,Part Time,Education and Research
audio/281474976883996_f2180_chunk_1.wav,7.245625,"There no as far as I know, there is no vocational training center here",Male,18-30,Gujarati,Gujarat,Sabarkantha,Post Graduate,Full Time,Information and Media
audio/281474976887689_f3057_chunk_0.wav,7.5834375,List all the Paid vaccination centres which provide COVISHIELD Booster Dose,Male,30-45,Gujarati,Gujarat,Sabarkantha,Post Graduate,Part Time,Education and Research
audio/281474976887705_f3172_chunk_2.wav,7.6025,the representation of girls is much higher than say four or five years back,Male,30-45,Gujarati,Gujarat,Sabarkantha,Post Graduate,Part Time,Education and Research
audio/281474976887704_f3204_chunk_0.wav,7.6200625,"Well, there is one stadium called Sabha Stadium in my district for cricket tournaments.",Male,30-45,Gujarati,Gujarat,Sabarkantha,Post Graduate,Part Time,Education and Research
audio/281474976883993_f2221_chunk_0.wav,7.6388125,people express their faith in this religion by doing daily prayers and,Male,18-30,Gujarati,Gujarat,Sabarkantha,Post Graduate,Full Time,Information and Media
audio/281474976887086_f1867_chunk_5.wav,7.6740625,"For example, the civil hospital of Ahmedabad is the best place in Asia to get cancer treated",Female,30-45,Gujarati,Gujarat,Amreli,Post Graduate,Freelance,Education and Research
audio/281474976883993_f2221_chunk_2.wav,7.8206875,to fellow religion members and exchange the information or new knowledge that they have gathered during that period,Male,18-30,Gujarati,Gujarat,Sabarkantha,Post Graduate,Full Time,Information and Media
audio/281474976883976_f2574_chunk_0.wav,7.8596875,Show the current holdings of my APY account with PRAN number 329498585879,Male,18-30,Gujarati,Gujarat,Sabarkantha,Post Graduate,Full Time,Information and Media
audio/281474976887047_f579_chunk_0.wav,7.8913125,A cruise boat service has been started by the tourism department for visitors to the dam and reservoir.,Female,30-45,Gujarati,Gujarat,Amreli,Post Graduate,Freelance,Education and Research
audio/281474976887705_f3172_chunk_0.wav,7.9324375,I think the scholarship program for girls has benefited many girls from remote areas,Male,30-45,Gujarati,Gujarat,Sabarkantha,Post Graduate,Part Time,Education and Research
audio/281474976883998_f2011_chunk_0.wav,7.957,"There are so many unique features in English language, if we are to talk strictly about grammar and punctuation",Male,18-30,Gujarati,Gujarat,Sabarkantha,Post Graduate,Full Time,Information and Media
audio/281474976883996_f2180_chunk_0.wav,7.9701875,"There are many good schools, colleges and universities here in my district. The vocational training centers are non-existent here",Male,18-30,Gujarati,Gujarat,Sabarkantha,Post Graduate,Full Time,Information and Media
audio/281474976887704_f3204_chunk_1.wav,8.1,"Apart from that, there are little facilities for sports in my district,",Male,30-45,Gujarati,Gujarat,Sabarkantha,Post Graduate,Part Time,Education and Research
audio/281474976883989_f3285_chunk_4.wav,8.3456875,And you don't have to wait and watch what the cable TV will show to us.,Male,18-30,Gujarati,Gujarat,Sabarkantha,Post Graduate,Full Time,Information and Media
audio/281474976887706_f2223_chunk_0.wav,8.4653125,In my district there are significant amount of English medium and Gujarati medium schools,Male,30-45,Gujarati,Gujarat,Sabarkantha,Post Graduate,Part Time,Education and Research
audio/281474976895886_f537_chunk_0.wav,8.490875,"Pay Rs. 200 more to the last scanned QR code on PhonePe add a remark saying ""tip"".",Male,45-60,Gujarati,Gujarat,Amreli,Post Graduate,Part Time,Education and Research
audio/281474976883998_f2011_chunk_1.wav,8.494625,Then there are many features that make grammar of English language unique,Male,18-30,Gujarati,Gujarat,Sabarkantha,Post Graduate,Full Time,Information and Media
audio/281474976895904_f319_chunk_0.wav,8.5206875,I want to get enrolled myself in an Unaided-Private institutes offering Diploma level programs in Management,Male,45-60,Gujarati,Gujarat,Amreli,Post Graduate,Part Time,Education and Research
audio/281474976887080_f3201_chunk_0.wav,8.5600625,Common mistake which normally singer tend to do is to follow someone else's voice.,Female,30-45,Gujarati,Gujarat,Amreli,Post Graduate,Freelance,Education and Research
audio/281474976883993_f2221_chunk_3.wav,8.6088125,or any new such belief or encounter if they encounter any new tradition about religion then they discuss that.,Male,18-30,Gujarati,Gujarat,Sabarkantha,Post Graduate,Full Time,Information and Media
audio/281474976887082_f3312_chunk_3.wav,8.70575,Online education opens doors of endless opportunities for the people in the rural area,Female,30-45,Gujarati,Gujarat,Amreli,Post Graduate,Freelance,Education and Research
audio/281474976883996_f2180_chunk_4.wav,8.8155,So there is more focus on job-oriented courses and less on personality development courses and language courses,Male,18-30,Gujarati,Gujarat,Sabarkantha,Post Graduate,Full Time,Information and Media
audio/281474976887707_f3323_chunk_2.wav,8.8266875,of course in India English is not spoken with one accent,Male,30-45,Gujarati,Gujarat,Sabarkantha,Post Graduate,Part Time,Education and Research
audio/281474976883991_f2291_chunk_0.wav,8.8493125,There are committees especially set up to handle these kind of issues like there is one separate committee for to,Male,18-30,Gujarati,Gujarat,Sabarkantha,Post Graduate,Full Time,Information and Media
audio/281474976883993_f2221_chunk_1.wav,8.8513125,the traditions that are being continued for the decades and by gathering annually and monthly,Male,18-30,Gujarati,Gujarat,Sabarkantha,Post Graduate,Full Time,Information and Media
audio/281474976887707_f3323_chunk_4.wav,8.8844375,so all this diversity of our languages have definitely impacted English,Male,30-45,Gujarati,Gujarat,Sabarkantha,Post Graduate,Part Time,Education and Research
audio/281474976887688_f91_chunk_0.wav,9.1779375,Find all approved AICTE institutes in the academic year 2020-2021 offering UG courses,Male,30-45,Gujarati,Gujarat,Sabarkantha,Post Graduate,Part Time,Education and Research
audio/281474976887669_f628_chunk_0.wav,9.288625,"At the end of the tour, India had played 37 matches, winning 34, drawing 2, with one abandoned.",Male,30-45,Gujarati,Gujarat,Sabarkantha,Post Graduate,Part Time,Education and Research
audio/281474976887705_f3172_chunk_6.wav,9.2924375,So I think these two government initiatives have helped people from my district as well as from the state.,Male,30-45,Gujarati,Gujarat,Sabarkantha,Post Graduate,Part Time,Education and Research
audio/281474976887707_f3323_chunk_0.wav,9.4555,"Yeah, many many words from Indian languages have crept in in English",Male,30-45,Gujarati,Gujarat,Sabarkantha,Post Graduate,Part Time,Education and Research
audio/281474976883996_f2180_chunk_2.wav,9.7010625,Because most of the colleges and universities and even schools also They focus education on job-oriented courses only,Male,18-30,Gujarati,Gujarat,Sabarkantha,Post Graduate,Full Time,Information and Media
audio/281474976883991_f2291_chunk_1.wav,9.7564375,handle codes of conduct and there is one to investigate into Corruption into selections and one is I think,Male,18-30,Gujarati,Gujarat,Sabarkantha,Post Graduate,Full Time,Information and Media
audio/281474976883996_f2180_chunk_3.wav,10.023125,"Even from young age,like, students from standard 8, 9 are also taught how they will get job or how they will set up business",Male,18-30,Gujarati,Gujarat,Sabarkantha,Post Graduate,Full Time,Information and Media
audio/281474976887086_f1867_chunk_4.wav,10.358125,"Other than that people of Rajasthan, Madhya Pradesh and Maharashtra also depend on Ahmedabad for better and affordable medical services",Female,30-45,Gujarati,Gujarat,Amreli,Post Graduate,Freelance,Education and Research
audio/281474976887082_f3312_chunk_4.wav,10.3709375,where proper education system is not easily available may be due to infrastructure or may be due to some traditional constraints.,Female,30-45,Gujarati,Gujarat,Amreli,Post Graduate,Freelance,Education and Research
audio/281474976887705_f3172_chunk_1.wav,10.4325,"to get a good education in my district because I work in a college and I see that because of that program,",Male,30-45,Gujarati,Gujarat,Sabarkantha,Post Graduate,Part Time,Education and Research
audio/281474976895906_f2159_chunk_0.wav,10.590375,"Sports teach a person sportsman spirit, hard work, alertness, acceptance, and discipline more than any other source.",Male,45-60,Gujarati,Gujarat,Amreli,Post Graduate,Part Time,Education and Research
audio/281474976895927_f289_chunk_0.wav,10.6721875,"Delete Scotch brite Soap Dispensing Dishwand , Cothas Vanilla Milkshake and Cremica Mix Fruit Jam from my shopping list.",Male,45-60,Gujarati,Gujarat,Amreli,Post Graduate,Part Time,Education and Research
audio/281474976887080_f3201_chunk_5.wav,10.800625,"Secondly, we should always give importance to our folk music which nowadays are mixed and made fusion of.",Female,30-45,Gujarati,Gujarat,Amreli,Post Graduate,Freelance,Education and Research
audio/281474976883998_f2011_chunk_3.wav,11.2365625,So the other thing that makes English grammar unique is that most of the rules are very well structured,Male,18-30,Gujarati,Gujarat,Sabarkantha,Post Graduate,Full Time,Information and Media
audio/281474976887687_f685_chunk_0.wav,11.444875,Download my vaccine certificate using phone number 97515178528 and OTP 514395.,Male,30-45,Gujarati,Gujarat,Sabarkantha,Post Graduate,Part Time,Education and Research
audio/281474976883989_f3285_chunk_3.wav,11.9269375,then the experience here is quite unique because here you don't have to wait for the ads. You can watch movies continuously without interruption from ads.,Male,18-30,Gujarati,Gujarat,Sabarkantha,Post Graduate,Full Time,Information and Media
audio/281474976887706_f2223_chunk_3.wav,12.16475,"SI,so I think there are good, there are opportunities for basic education in my district.",Male,30-45,Gujarati,Gujarat,Sabarkantha,Post Graduate,Part Time,Education and Research
audio/281474976883998_f2011_chunk_4.wav,12.4730625,And not much is left at the behest of the writer or author and grammar punctuation is very well structured and written and documented as well,Male,18-30,Gujarati,Gujarat,Sabarkantha,Post Graduate,Full Time,Information and Media
audio/281474976883998_f2011_chunk_2.wav,12.580625,"For example, in English there is only singular and plural Whereas in Sanskrit and Arabic there is singular, plural and for two members also",Male,18-30,Gujarati,Gujarat,Sabarkantha,Post Graduate,Full Time,Information and Media
audio/281474976883995_f3192_chunk_3.wav,12.5985625,"so If the season is tough or the rain does not come good or if there is any paste problem, etc then the whole district is under burden",Male,18-30,Gujarati,Gujarat,Sabarkantha,Post Graduate,Full Time,Information and Media
audio/281474976883995_f3192_chunk_2.wav,12.7025,So the Economics part The thing is that most of the people here depend on agriculture. So and they mainly depend on cash crops,Male,18-30,Gujarati,Gujarat,Sabarkantha,Post Graduate,Full Time,Information and Media
audio/281474976895913_f380_chunk_0.wav,12.726625,Fatehgarh remained a military station of considerable importance and in 1802 it became the headquarters of the Governor General's Agent for the ceded provinces.,Male,45-60,Gujarati,Gujarat,Amreli,Post Graduate,Part Time,Education and Research
audio/281474976887666_f835_chunk_0.wav,12.7674375,"Also, it is the only major tributary of Godavari to have both its source and confluence located within the same district - Ahmednagar.",Male,30-45,Gujarati,Gujarat,Sabarkantha,Post Graduate,Part Time,Education and Research
audio/281474976883995_f3192_chunk_6.wav,13.2435625,"and The opportunities that here are the education is growing. So there there are certain younger people who are taking up agriculture also and Taking other government jobs, etc.",Male,18-30,Gujarati,Gujarat,Sabarkantha,Post Graduate,Full Time,Information and Media
audio/281474976887086_f1867_chunk_6.wav,14.36525,"The radiation, the chemotherapy, everything, every every option for cancer treatment is available over here and it is largely used not only by the people of Gujarat but also by the nearby states.",Female,30-45,Gujarati,Gujarat,Amreli,Post Graduate,Freelance,Education and Research
audio/281474976883994_f3251_chunk_4.wav,14.390875,And the third is never speak ill of anybody and do not make presumptions about them because everybody may have different conditions when they performed certain activity or certain task,Male,18-30,Gujarati,Gujarat,Sabarkantha,Post Graduate,Full Time,Information and Media
audio/281474976895891_f1721_chunk_0.wav,15.5116875,"Because of lack of water, no industrial development could happen here. Moreover, no broad gauge of railway connectivity is also a challenging aspect for development.",Male,45-60,Gujarati,Gujarat,Amreli,Post Graduate,Part Time,Education and Research
audio/281474976887698_f2175_chunk_2.wav,15.7283125,"This book, I keep coming back to this book because first, it is an experimental novel, This type of novels are not usually written in Gujarati",Male,30-45,Gujarati,Gujarat,Sabarkantha,Post Graduate,Part Time,Education and Research
audio/281474976895902_f1846_chunk_0.wav,17.081875,16th March 1976 27th October 1991 8th January 1972 18th December 1944 10th June 2002,Male,45-60,Gujarati,Gujarat,Amreli,Post Graduate,Part Time,Education and Research
audio/281474976887705_f3172_chunk_4.wav,17.8625,There is also I think the scheme of Ayushman Bharat has helped many people get good,Male,30-45,Gujarati,Gujarat,Sabarkantha,Post Graduate,Part Time,Education and Research
audio/281474976887698_f2175_chunk_4.wav,20.1614375,He uses many postmodern techniques in Gujarati literature for the very first time and he also employs himself as one of the characters and this novel has a pretty unique theme and the overall language and the,Male,30-45,Gujarati,Gujarat,Sabarkantha,Post Graduate,Part Time,Education and Research
audio/281474976887701_f2292_chunk_0.wav,20.241125,I think every major university in Gujarat has an exchange program for students who want to go abroad. And there are many technical universities who send their bright students abroad on scholarships.,Male,30-45,Gujarati,Gujarat,Sabarkantha,Post Graduate,Part Time,Education and Research
audio/281474976887703_f1942_chunk_0.wav,20.7988125,"Well, there is nothing to think about. Women must represent sports and I think in Gujarat, women are particularly behind in sports that require muscle strength and stamina.",Male,30-45,Gujarati,Gujarat,Sabarkantha,Post Graduate,Part Time,Education and Research
audio/281474976887701_f2292_chunk_1.wav,21.18,"There are also government scholarships that are available for students who want to go abroad for higher studies. So, just like other states, these are the options for students who want to go abroad and study further.",Male,30-45,Gujarati,Gujarat,Sabarkantha,Post Graduate,Part Time,Education and Research
audio/281474976895890_f1917_chunk_0.wav,27.8063125,"The government and people arrange and celebrate different festivals associated with environment. For example, for lions, Asiatic lions, we have Lions Day celebrated near the Gir forest. Some cultural programs are arranged at historical places such as Tana Riri festival, music festival at Modhera Sun Temple.",Male,45-60,Gujarati,Gujarat,Amreli,Post Graduate,Part Time,Education and Research
